"","ano_trimestre","trimestre","oni_media","enso_class","bar_color","data_inicio","enso_fase"
"1",1950,"AMJ",-0.74,"La_Nina","steelblue",1950-05-01,"La_Nina"
"2",1950,"ASO",-0.32,"Neutral","gray80",1950-09-01,"Neutral"
"3",1950,"DJF",-1.47,"La_Nina","steelblue",1950-01-01,"La_Nina"
"4",1950,"FMA",-1.11,"La_Nina","steelblue",1950-03-01,"La_Nina"
"5",1950,"JAS",-0.41,"Neutral","gray80",1950-08-01,"Neutral"
"6",1950,"JFM",-1.07,"La_Nina","steelblue",1950-02-01,"La_Nina"
"7",1950,"JJA",-0.42,"Neutral","gray80",1950-07-01,"Neutral"
"8",1950,"MAM",-1.37,"La_Nina","steelblue",1950-04-01,"La_Nina"
"9",1950,"MJJ",-0.44,"Neutral","gray80",1950-06-01,"Neutral"
"10",1950,"SON",-0.6,"La_Nina","steelblue",1950-10-01,"La_Nina"
"11",1951,"AMJ",0.52,"El_Nino","firebrick",1951-05-01,"El_Nino"
"12",1951,"ASO",1.19,"El_Nino","firebrick",1951-09-01,"El_Nino"
"13",1951,"DJF",-0.82,"La_Nina","steelblue",1951-01-01,"La_Nina"
"14",1951,"FMA",0.2,"Neutral","gray80",1951-03-01,"Neutral"
"15",1951,"JAS",1.08,"El_Nino","firebrick",1951-08-01,"El_Nino"
"16",1951,"JFM",-0.04,"Neutral","gray80",1951-02-01,"Neutral"
"17",1951,"JJA",0.71,"El_Nino","firebrick",1951-07-01,"El_Nino"
"18",1951,"MAM",0.37,"Neutral","gray80",1951-04-01,"Neutral"
"19",1951,"MJJ",0.87,"El_Nino","firebrick",1951-06-01,"El_Nino"
"20",1951,"SON",1.19,"El_Nino","firebrick",1951-10-01,"El_Nino"
"21",1952,"AMJ",-0.03,"Neutral","gray80",1952-05-01,"Neutral"
"22",1952,"ASO",0.25,"Neutral","gray80",1952-09-01,"Neutral"
"23",1952,"DJF",0.533333333333333,"El_Nino","firebrick",1952-01-01,"El_Nino"
"24",1952,"FMA",0.42,"Neutral","gray80",1952-03-01,"Neutral"
"25",1952,"JAS",0.21,"Neutral","gray80",1952-08-01,"Neutral"
"26",1952,"JFM",0.24,"Neutral","gray80",1952-02-01,"Neutral"
"27",1952,"JJA",0,"Neutral","gray80",1952-07-01,"Neutral"
"28",1952,"MAM",0.23,"Neutral","gray80",1952-04-01,"Neutral"
"29",1952,"MJJ",-0.2,"Neutral","gray80",1952-06-01,"Neutral"
"30",1952,"SON",-0.14,"Neutral","gray80",1952-10-01,"Neutral"
"31",1953,"AMJ",0.9,"El_Nino","firebrick",1953-05-01,"El_Nino"
"32",1953,"ASO",0.86,"El_Nino","firebrick",1953-09-01,"El_Nino"
"33",1953,"DJF",0.4,"Neutral","gray80",1953-01-01,"Neutral"
"34",1953,"FMA",0.64,"El_Nino","firebrick",1953-03-01,"El_Nino"
"35",1953,"JAS",0.85,"El_Nino","firebrick",1953-08-01,"El_Nino"
"36",1953,"JFM",0.62,"El_Nino","firebrick",1953-02-01,"El_Nino"
"37",1953,"JJA",0.63,"El_Nino","firebrick",1953-07-01,"El_Nino"
"38",1953,"MAM",0.71,"El_Nino","firebrick",1953-04-01,"El_Nino"
"39",1953,"MJJ",0.7,"El_Nino","firebrick",1953-06-01,"El_Nino"
"40",1953,"SON",0.82,"El_Nino","firebrick",1953-10-01,"El_Nino"
"41",1954,"AMJ",-0.42,"Neutral","gray80",1954-05-01,"Neutral"
"42",1954,"ASO",-0.78,"La_Nina","steelblue",1954-09-01,"La_Nina"
"43",1954,"DJF",0.756666666666667,"El_Nino","firebrick",1954-01-01,"El_Nino"
"44",1954,"FMA",-0.74,"La_Nina","steelblue",1954-03-01,"La_Nina"
"45",1954,"JAS",-1.03,"La_Nina","steelblue",1954-08-01,"La_Nina"
"46",1954,"JFM",-0.04,"Neutral","gray80",1954-02-01,"Neutral"
"47",1954,"JJA",-0.88,"La_Nina","steelblue",1954-07-01,"La_Nina"
"48",1954,"MAM",-0.45,"Neutral","gray80",1954-04-01,"Neutral"
"49",1954,"MJJ",-0.62,"La_Nina","steelblue",1954-06-01,"La_Nina"
"50",1954,"SON",-0.5,"La_Nina","steelblue",1954-10-01,"La_Nina"
"51",1955,"AMJ",-0.67,"La_Nina","steelblue",1955-05-01,"La_Nina"
"52",1955,"ASO",-1.6,"La_Nina","steelblue",1955-09-01,"La_Nina"
"53",1955,"DJF",-0.68,"La_Nina","steelblue",1955-01-01,"La_Nina"
"54",1955,"FMA",-0.78,"La_Nina","steelblue",1955-03-01,"La_Nina"
"55",1955,"JAS",-0.87,"La_Nina","steelblue",1955-08-01,"La_Nina"
"56",1955,"JFM",-0.72,"La_Nina","steelblue",1955-02-01,"La_Nina"
"57",1955,"JJA",-0.8,"La_Nina","steelblue",1955-07-01,"La_Nina"
"58",1955,"MAM",-0.91,"La_Nina","steelblue",1955-04-01,"La_Nina"
"59",1955,"MJJ",-0.58,"La_Nina","steelblue",1955-06-01,"La_Nina"
"60",1955,"SON",-1.81,"La_Nina","steelblue",1955-10-01,"La_Nina"
"61",1956,"AMJ",-0.48,"Neutral","gray80",1956-05-01,"Neutral"
"62",1956,"ASO",-0.29,"Neutral","gray80",1956-09-01,"Neutral"
"63",1956,"DJF",-1.11333333333333,"La_Nina","steelblue",1956-01-01,"La_Nina"
"64",1956,"FMA",-0.6,"La_Nina","steelblue",1956-03-01,"La_Nina"
"65",1956,"JAS",-0.43,"Neutral","gray80",1956-08-01,"Neutral"
"66",1956,"JFM",-0.54,"La_Nina","steelblue",1956-02-01,"La_Nina"
"67",1956,"JJA",-0.65,"La_Nina","steelblue",1956-07-01,"La_Nina"
"68",1956,"MAM",-0.46,"Neutral","gray80",1956-04-01,"Neutral"
"69",1956,"MJJ",-0.58,"La_Nina","steelblue",1956-06-01,"La_Nina"
"70",1956,"SON",-0.54,"La_Nina","steelblue",1956-10-01,"La_Nina"
"71",1957,"AMJ",1.05,"El_Nino","firebrick",1957-05-01,"El_Nino"
"72",1957,"ASO",1.37,"El_Nino","firebrick",1957-09-01,"El_Nino"
"73",1957,"DJF",-0.246666666666667,"Neutral","gray80",1957-01-01,"Neutral"
"74",1957,"FMA",0.77,"El_Nino","firebrick",1957-03-01,"El_Nino"
"75",1957,"JAS",1.27,"El_Nino","firebrick",1957-08-01,"El_Nino"
"76",1957,"JFM",0.45,"Neutral","gray80",1957-02-01,"Neutral"
"77",1957,"JJA",1.36,"El_Nino","firebrick",1957-07-01,"El_Nino"
"78",1957,"MAM",0.94,"El_Nino","firebrick",1957-04-01,"El_Nino"
"79",1957,"MJJ",1.34,"El_Nino","firebrick",1957-06-01,"El_Nino"
"80",1957,"SON",1.52,"El_Nino","firebrick",1957-10-01,"El_Nino"
"81",1958,"AMJ",0.69,"El_Nino","firebrick",1958-05-01,"El_Nino"
"82",1958,"ASO",0.41,"Neutral","gray80",1958-09-01,"Neutral"
"83",1958,"DJF",1.80333333333333,"El_Nino","firebrick",1958-01-01,"El_Nino"
"84",1958,"FMA",0.81,"El_Nino","firebrick",1958-03-01,"El_Nino"
"85",1958,"JAS",0.25,"Neutral","gray80",1958-08-01,"Neutral"
"86",1958,"JFM",1.26,"El_Nino","firebrick",1958-02-01,"El_Nino"
"87",1958,"JJA",0.52,"El_Nino","firebrick",1958-07-01,"El_Nino"
"88",1958,"MAM",0.71,"El_Nino","firebrick",1958-04-01,"El_Nino"
"89",1958,"MJJ",0.51,"El_Nino","firebrick",1958-06-01,"El_Nino"
"90",1958,"SON",0.65,"El_Nino","firebrick",1958-10-01,"El_Nino"
"91",1959,"AMJ",0.07,"Neutral","gray80",1959-05-01,"Neutral"
"92",1959,"ASO",0.2,"Neutral","gray80",1959-09-01,"Neutral"
"93",1959,"DJF",0.616666666666667,"El_Nino","firebrick",1959-01-01,"El_Nino"
"94",1959,"FMA",0.42,"Neutral","gray80",1959-03-01,"Neutral"
"95",1959,"JAS",-0.23,"Neutral","gray80",1959-08-01,"Neutral"
"96",1959,"JFM",0.46,"Neutral","gray80",1959-02-01,"Neutral"
"97",1959,"JJA",-0.24,"Neutral","gray80",1959-07-01,"Neutral"
"98",1959,"MAM",0.1,"Neutral","gray80",1959-04-01,"Neutral"
"99",1959,"MJJ",-0.37,"Neutral","gray80",1959-06-01,"Neutral"
"100",1959,"SON",-0.06,"Neutral","gray80",1959-10-01,"Neutral"
"101",1960,"AMJ",-0.06,"Neutral","gray80",1960-05-01,"Neutral"
"102",1960,"ASO",0.18,"Neutral","gray80",1960-09-01,"Neutral"
"103",1960,"DJF",-0.0966666666666667,"Neutral","gray80",1960-01-01,"Neutral"
"104",1960,"FMA",0.03,"Neutral","gray80",1960-03-01,"Neutral"
"105",1960,"JAS",0.28,"Neutral","gray80",1960-08-01,"Neutral"
"106",1960,"JFM",-0.02,"Neutral","gray80",1960-02-01,"Neutral"
"107",1960,"JJA",0.36,"Neutral","gray80",1960-07-01,"Neutral"
"108",1960,"MAM",0.08,"Neutral","gray80",1960-04-01,"Neutral"
"109",1960,"MJJ",0.07,"Neutral","gray80",1960-06-01,"Neutral"
"110",1960,"SON",0.15,"Neutral","gray80",1960-10-01,"Neutral"
"111",1961,"AMJ",0.44,"Neutral","gray80",1961-05-01,"Neutral"
"112",1961,"ASO",-0.38,"Neutral","gray80",1961-09-01,"Neutral"
"113",1961,"DJF",0.0333333333333333,"Neutral","gray80",1961-01-01,"Neutral"
"114",1961,"FMA",0,"Neutral","gray80",1961-03-01,"Neutral"
"115",1961,"JAS",-0.38,"Neutral","gray80",1961-08-01,"Neutral"
"116",1961,"JFM",0.02,"Neutral","gray80",1961-02-01,"Neutral"
"117",1961,"JJA",-0.12,"Neutral","gray80",1961-07-01,"Neutral"
"118",1961,"MAM",0.26,"Neutral","gray80",1961-04-01,"Neutral"
"119",1961,"MJJ",0.11,"Neutral","gray80",1961-06-01,"Neutral"
"120",1961,"SON",-0.01,"Neutral","gray80",1961-10-01,"Neutral"
"121",1962,"AMJ",-0.14,"Neutral","gray80",1962-05-01,"Neutral"
"122",1962,"ASO",-0.12,"Neutral","gray80",1962-09-01,"Neutral"
"123",1962,"DJF",-0.24,"Neutral","gray80",1962-01-01,"Neutral"
"124",1962,"FMA",-0.24,"Neutral","gray80",1962-03-01,"Neutral"
"125",1962,"JAS",-0.23,"Neutral","gray80",1962-08-01,"Neutral"
"126",1962,"JFM",-0.11,"Neutral","gray80",1962-02-01,"Neutral"
"127",1962,"JJA",0.02,"Neutral","gray80",1962-07-01,"Neutral"
"128",1962,"MAM",-0.44,"Neutral","gray80",1962-04-01,"Neutral"
"129",1962,"MJJ",0,"Neutral","gray80",1962-06-01,"Neutral"
"130",1962,"SON",-0.32,"Neutral","gray80",1962-10-01,"Neutral"
"131",1963,"AMJ",0.39,"Neutral","gray80",1963-05-01,"Neutral"
"132",1963,"ASO",1.26,"El_Nino","firebrick",1963-09-01,"El_Nino"
"133",1963,"DJF",-0.4,"Neutral","gray80",1963-01-01,"Neutral"
"134",1963,"FMA",0.41,"Neutral","gray80",1963-03-01,"Neutral"
"135",1963,"JAS",1.23,"El_Nino","firebrick",1963-08-01,"El_Nino"
"136",1963,"JFM",0.26,"Neutral","gray80",1963-02-01,"Neutral"
"137",1963,"JJA",1.17,"El_Nino","firebrick",1963-07-01,"El_Nino"
"138",1963,"MAM",0.14,"Neutral","gray80",1963-04-01,"Neutral"
"139",1963,"MJJ",1.02,"El_Nino","firebrick",1963-06-01,"El_Nino"
"140",1963,"SON",1.39,"El_Nino","firebrick",1963-10-01,"El_Nino"
"141",1964,"AMJ",-0.64,"La_Nina","steelblue",1964-05-01,"La_Nina"
"142",1964,"ASO",-0.73,"La_Nina","steelblue",1964-09-01,"La_Nina"
"143",1964,"DJF",1.07,"El_Nino","firebrick",1964-01-01,"El_Nino"
"144",1964,"FMA",-0.42,"Neutral","gray80",1964-03-01,"Neutral"
"145",1964,"JAS",-0.84,"La_Nina","steelblue",1964-08-01,"La_Nina"
"146",1964,"JFM",0.1,"Neutral","gray80",1964-02-01,"Neutral"
"147",1964,"JJA",-0.72,"La_Nina","steelblue",1964-07-01,"La_Nina"
"148",1964,"MAM",-0.67,"La_Nina","steelblue",1964-04-01,"La_Nina"
"149",1964,"MJJ",-0.43,"Neutral","gray80",1964-06-01,"Neutral"
"150",1964,"SON",-0.82,"La_Nina","steelblue",1964-10-01,"La_Nina"
"151",1965,"AMJ",0.86,"El_Nino","firebrick",1965-05-01,"El_Nino"
"152",1965,"ASO",2.06,"El_Nino","firebrick",1965-09-01,"El_Nino"
"153",1965,"DJF",-0.593333333333333,"La_Nina","steelblue",1965-01-01,"La_Nina"
"154",1965,"FMA",0.01,"Neutral","gray80",1965-03-01,"Neutral"
"155",1965,"JAS",1.84,"El_Nino","firebrick",1965-08-01,"El_Nino"
"156",1965,"JFM",0.03,"Neutral","gray80",1965-02-01,"Neutral"
"157",1965,"JJA",1.66,"El_Nino","firebrick",1965-07-01,"El_Nino"
"158",1965,"MAM",0.5,"El_Nino","firebrick",1965-04-01,"El_Nino"
"159",1965,"MJJ",1.14,"El_Nino","firebrick",1965-06-01,"El_Nino"
"160",1965,"SON",2.03,"El_Nino","firebrick",1965-10-01,"El_Nino"
"161",1966,"AMJ",0.29,"Neutral","gray80",1966-05-01,"Neutral"
"162",1966,"ASO",-0.11,"Neutral","gray80",1966-09-01,"Neutral"
"163",1966,"DJF",1.37333333333333,"El_Nino","firebrick",1966-01-01,"El_Nino"
"164",1966,"FMA",0.76,"El_Nino","firebrick",1966-03-01,"El_Nino"
"165",1966,"JAS",-0.07,"Neutral","gray80",1966-08-01,"Neutral"
"166",1966,"JFM",1.19,"El_Nino","firebrick",1966-02-01,"El_Nino"
"167",1966,"JJA",0.02,"Neutral","gray80",1966-07-01,"Neutral"
"168",1966,"MAM",0.02,"Neutral","gray80",1966-04-01,"Neutral"
"169",1966,"MJJ",0.42,"Neutral","gray80",1966-06-01,"Neutral"
"170",1966,"SON",-0.12,"Neutral","gray80",1966-10-01,"Neutral"
"171",1967,"AMJ",0.12,"Neutral","gray80",1967-05-01,"Neutral"
"172",1967,"ASO",-0.36,"Neutral","gray80",1967-09-01,"Neutral"
"173",1967,"DJF",-0.41,"Neutral","gray80",1967-01-01,"Neutral"
"174",1967,"FMA",-0.66,"La_Nina","steelblue",1967-03-01,"La_Nina"
"175",1967,"JAS",-0.49,"Neutral","gray80",1967-08-01,"Neutral"
"176",1967,"JFM",-0.51,"La_Nina","steelblue",1967-02-01,"La_Nina"
"177",1967,"JJA",-0.03,"Neutral","gray80",1967-07-01,"Neutral"
"178",1967,"MAM",-0.18,"Neutral","gray80",1967-04-01,"Neutral"
"179",1967,"MJJ",0.06,"Neutral","gray80",1967-06-01,"Neutral"
"180",1967,"SON",-0.28,"Neutral","gray80",1967-10-01,"Neutral"
"181",1968,"AMJ",0.52,"El_Nino","firebrick",1968-05-01,"El_Nino"
"182",1968,"ASO",0.42,"Neutral","gray80",1968-09-01,"Neutral"
"183",1968,"DJF",-0.633333333333333,"La_Nina","steelblue",1968-01-01,"La_Nina"
"184",1968,"FMA",-0.3,"Neutral","gray80",1968-03-01,"Neutral"
"185",1968,"JAS",0.38,"Neutral","gray80",1968-08-01,"Neutral"
"186",1968,"JFM",-0.68,"La_Nina","steelblue",1968-02-01,"La_Nina"
"187",1968,"JJA",0.54,"El_Nino","firebrick",1968-07-01,"El_Nino"
"188",1968,"MAM",-0.34,"Neutral","gray80",1968-04-01,"Neutral"
"189",1968,"MJJ",0.66,"El_Nino","firebrick",1968-06-01,"El_Nino"
"190",1968,"SON",0.85,"El_Nino","firebrick",1968-10-01,"El_Nino"
"191",1969,"AMJ",0.35,"Neutral","gray80",1969-05-01,"Neutral"
"192",1969,"ASO",1.01,"El_Nino","firebrick",1969-09-01,"El_Nino"
"193",1969,"DJF",1.13,"El_Nino","firebrick",1969-01-01,"El_Nino"
"194",1969,"FMA",0.73,"El_Nino","firebrick",1969-03-01,"El_Nino"
"195",1969,"JAS",0.81,"El_Nino","firebrick",1969-08-01,"El_Nino"
"196",1969,"JFM",0.81,"El_Nino","firebrick",1969-02-01,"El_Nino"
"197",1969,"JJA",0.56,"El_Nino","firebrick",1969-07-01,"El_Nino"
"198",1969,"MAM",0.76,"El_Nino","firebrick",1969-04-01,"El_Nino"
"199",1969,"MJJ",0.18,"Neutral","gray80",1969-06-01,"Neutral"
"200",1969,"SON",0.76,"El_Nino","firebrick",1969-10-01,"El_Nino"
"201",1970,"AMJ",-0.31,"Neutral","gray80",1970-05-01,"Neutral"
"202",1970,"ASO",-0.73,"La_Nina","steelblue",1970-09-01,"La_Nina"
"203",1970,"DJF",0.516666666666667,"El_Nino","firebrick",1970-01-01,"El_Nino"
"204",1970,"FMA",0.34,"Neutral","gray80",1970-03-01,"Neutral"
"205",1970,"JAS",-0.7,"La_Nina","steelblue",1970-08-01,"La_Nina"
"206",1970,"JFM",0.13,"Neutral","gray80",1970-02-01,"Neutral"
"207",1970,"JJA",-0.87,"La_Nina","steelblue",1970-07-01,"La_Nina"
"208",1970,"MAM",0.1,"Neutral","gray80",1970-04-01,"Neutral"
"209",1970,"MJJ",-0.7,"La_Nina","steelblue",1970-06-01,"La_Nina"
"210",1970,"SON",-0.78,"La_Nina","steelblue",1970-10-01,"La_Nina"
"211",1971,"AMJ",-0.78,"La_Nina","steelblue",1971-05-01,"La_Nina"
"212",1971,"ASO",-0.96,"La_Nina","steelblue",1971-09-01,"La_Nina"
"213",1971,"DJF",-1.36,"La_Nina","steelblue",1971-01-01,"La_Nina"
"214",1971,"FMA",-0.8,"La_Nina","steelblue",1971-03-01,"La_Nina"
"215",1971,"JAS",-0.71,"La_Nina","steelblue",1971-08-01,"La_Nina"
"216",1971,"JFM",-1.13,"La_Nina","steelblue",1971-02-01,"La_Nina"
"217",1971,"JJA",-0.79,"La_Nina","steelblue",1971-07-01,"La_Nina"
"218",1971,"MAM",-0.61,"La_Nina","steelblue",1971-04-01,"La_Nina"
"219",1971,"MJJ",-0.82,"La_Nina","steelblue",1971-06-01,"La_Nina"
"220",1971,"SON",-0.88,"La_Nina","steelblue",1971-10-01,"La_Nina"
"221",1972,"AMJ",0.8,"El_Nino","firebrick",1972-05-01,"El_Nino"
"222",1972,"ASO",1.83,"El_Nino","firebrick",1972-09-01,"El_Nino"
"223",1972,"DJF",-0.703333333333333,"La_Nina","steelblue",1972-01-01,"La_Nina"
"224",1972,"FMA",0.45,"Neutral","gray80",1972-03-01,"Neutral"
"225",1972,"JAS",1.52,"El_Nino","firebrick",1972-08-01,"El_Nino"
"226",1972,"JFM",0.03,"Neutral","gray80",1972-02-01,"Neutral"
"227",1972,"JJA",1.4,"El_Nino","firebrick",1972-07-01,"El_Nino"
"228",1972,"MAM",0.75,"El_Nino","firebrick",1972-04-01,"El_Nino"
"229",1972,"MJJ",1.2,"El_Nino","firebrick",1972-06-01,"El_Nino"
"230",1972,"SON",2.17,"El_Nino","firebrick",1972-10-01,"El_Nino"
"231",1973,"AMJ",-0.83,"La_Nina","steelblue",1973-05-01,"La_Nina"
"232",1973,"ASO",-1.69,"La_Nina","steelblue",1973-09-01,"La_Nina"
"233",1973,"DJF",1.84666666666667,"El_Nino","firebrick",1973-01-01,"El_Nino"
"234",1973,"FMA",-0.19,"Neutral","gray80",1973-03-01,"Neutral"
"235",1973,"JAS",-1.36,"La_Nina","steelblue",1973-08-01,"La_Nina"
"236",1973,"JFM",0.49,"Neutral","gray80",1973-02-01,"Neutral"
"237",1973,"JJA",-1.31,"La_Nina","steelblue",1973-07-01,"La_Nina"
"238",1973,"MAM",-0.59,"La_Nina","steelblue",1973-04-01,"La_Nina"
"239",1973,"MJJ",-1.18,"La_Nina","steelblue",1973-06-01,"La_Nina"
"240",1973,"SON",-2.09,"La_Nina","steelblue",1973-10-01,"La_Nina"
"241",1974,"AMJ",-0.85,"La_Nina","steelblue",1974-05-01,"La_Nina"
"242",1974,"ASO",-0.66,"La_Nina","steelblue",1974-09-01,"La_Nina"
"243",1974,"DJF",-1.83666666666667,"La_Nina","steelblue",1974-01-01,"La_Nina"
"244",1974,"FMA",-0.97,"La_Nina","steelblue",1974-03-01,"La_Nina"
"245",1974,"JAS",-0.35,"Neutral","gray80",1974-08-01,"Neutral"
"246",1974,"JFM",-1.21,"La_Nina","steelblue",1974-02-01,"La_Nina"
"247",1974,"JJA",-0.21,"Neutral","gray80",1974-07-01,"Neutral"
"248",1974,"MAM",-0.91,"La_Nina","steelblue",1974-04-01,"La_Nina"
"249",1974,"MJJ",-0.55,"La_Nina","steelblue",1974-06-01,"La_Nina"
"250",1974,"SON",-0.82,"La_Nina","steelblue",1974-10-01,"La_Nina"
"251",1975,"AMJ",-1.15,"La_Nina","steelblue",1975-05-01,"La_Nina"
"252",1975,"ASO",-1.54,"La_Nina","steelblue",1975-09-01,"La_Nina"
"253",1975,"DJF",-0.543333333333333,"La_Nina","steelblue",1975-01-01,"La_Nina"
"254",1975,"FMA",-0.58,"La_Nina","steelblue",1975-03-01,"La_Nina"
"255",1975,"JAS",-1.37,"La_Nina","steelblue",1975-08-01,"La_Nina"
"256",1975,"JFM",-0.86,"La_Nina","steelblue",1975-02-01,"La_Nina"
"257",1975,"JJA",-1.2,"La_Nina","steelblue",1975-07-01,"La_Nina"
"258",1975,"MAM",-0.76,"La_Nina","steelblue",1975-04-01,"La_Nina"
"259",1975,"MJJ",-1.04,"La_Nina","steelblue",1975-06-01,"La_Nina"
"260",1975,"SON",-1.38,"La_Nina","steelblue",1975-10-01,"La_Nina"
"261",1976,"AMJ",0,"Neutral","gray80",1976-05-01,"Neutral"
"262",1976,"ASO",0.98,"El_Nino","firebrick",1976-09-01,"El_Nino"
"263",1976,"DJF",-1.55333333333333,"La_Nina","steelblue",1976-01-01,"La_Nina"
"264",1976,"FMA",-0.53,"La_Nina","steelblue",1976-03-01,"La_Nina"
"265",1976,"JAS",0.5,"El_Nino","firebrick",1976-08-01,"El_Nino"
"266",1976,"JFM",-0.58,"La_Nina","steelblue",1976-02-01,"La_Nina"
"267",1976,"JJA",0.38,"Neutral","gray80",1976-07-01,"Neutral"
"268",1976,"MAM",-0.31,"Neutral","gray80",1976-04-01,"Neutral"
"269",1976,"MJJ",0.17,"Neutral","gray80",1976-06-01,"Neutral"
"270",1976,"SON",0.95,"El_Nino","firebrick",1976-10-01,"El_Nino"
"271",1977,"AMJ",0.39,"Neutral","gray80",1977-05-01,"Neutral"
"272",1977,"ASO",0.86,"El_Nino","firebrick",1977-09-01,"El_Nino"
"273",1977,"DJF",0.713333333333333,"El_Nino","firebrick",1977-01-01,"El_Nino"
"274",1977,"FMA",0.03,"Neutral","gray80",1977-03-01,"Neutral"
"275",1977,"JAS",0.6,"El_Nino","firebrick",1977-08-01,"El_Nino"
"276",1977,"JFM",0.44,"Neutral","gray80",1977-02-01,"Neutral"
"277",1977,"JJA",0.25,"Neutral","gray80",1977-07-01,"Neutral"
"278",1977,"MAM",0.22,"Neutral","gray80",1977-04-01,"Neutral"
"279",1977,"MJJ",0.42,"Neutral","gray80",1977-06-01,"Neutral"
"280",1977,"SON",0.72,"El_Nino","firebrick",1977-10-01,"El_Nino"
"281",1978,"AMJ",-0.33,"Neutral","gray80",1978-05-01,"Neutral"
"282",1978,"ASO",-0.23,"Neutral","gray80",1978-09-01,"Neutral"
"283",1978,"DJF",0.686666666666667,"El_Nino","firebrick",1978-01-01,"El_Nino"
"284",1978,"FMA",-0.3,"Neutral","gray80",1978-03-01,"Neutral"
"285",1978,"JAS",-0.5,"La_Nina","steelblue",1978-08-01,"La_Nina"
"286",1978,"JFM",0.06,"Neutral","gray80",1978-02-01,"Neutral"
"287",1978,"JJA",-0.53,"La_Nina","steelblue",1978-07-01,"La_Nina"
"288",1978,"MAM",-0.31,"Neutral","gray80",1978-04-01,"Neutral"
"289",1978,"MJJ",-0.22,"Neutral","gray80",1978-06-01,"Neutral"
"290",1978,"SON",-0.14,"Neutral","gray80",1978-10-01,"Neutral"
"291",1979,"AMJ",0.08,"Neutral","gray80",1979-05-01,"Neutral"
"292",1979,"ASO",0.35,"Neutral","gray80",1979-09-01,"Neutral"
"293",1979,"DJF",0.0333333333333333,"Neutral","gray80",1979-01-01,"Neutral"
"294",1979,"FMA",0.42,"Neutral","gray80",1979-03-01,"Neutral"
"295",1979,"JAS",0.48,"Neutral","gray80",1979-08-01,"Neutral"
"296",1979,"JFM",0.23,"Neutral","gray80",1979-02-01,"Neutral"
"297",1979,"JJA",0.16,"Neutral","gray80",1979-07-01,"Neutral"
"298",1979,"MAM",0.19,"Neutral","gray80",1979-04-01,"Neutral"
"299",1979,"MJJ",-0.13,"Neutral","gray80",1979-06-01,"Neutral"
"300",1979,"SON",0.53,"El_Nino","firebrick",1979-10-01,"El_Nino"
"301",1980,"AMJ",0.59,"El_Nino","firebrick",1980-05-01,"El_Nino"
"302",1980,"ASO",-0.02,"Neutral","gray80",1980-09-01,"Neutral"
"303",1980,"DJF",0.593333333333333,"El_Nino","firebrick",1980-01-01,"El_Nino"
"304",1980,"FMA",0.34,"Neutral","gray80",1980-03-01,"Neutral"
"305",1980,"JAS",-0.07,"Neutral","gray80",1980-08-01,"Neutral"
"306",1980,"JFM",0.28,"Neutral","gray80",1980-02-01,"Neutral"
"307",1980,"JJA",-0.11,"Neutral","gray80",1980-07-01,"Neutral"
"308",1980,"MAM",0.51,"El_Nino","firebrick",1980-04-01,"El_Nino"
"309",1980,"MJJ",0.28,"Neutral","gray80",1980-06-01,"Neutral"
"310",1980,"SON",0.14,"Neutral","gray80",1980-10-01,"Neutral"
"311",1981,"AMJ",-0.19,"Neutral","gray80",1981-05-01,"Neutral"
"312",1981,"ASO",-0.11,"Neutral","gray80",1981-09-01,"Neutral"
"313",1981,"DJF",-0.26,"Neutral","gray80",1981-01-01,"Neutral"
"314",1981,"FMA",-0.29,"Neutral","gray80",1981-03-01,"Neutral"
"315",1981,"JAS",-0.04,"Neutral","gray80",1981-08-01,"Neutral"
"316",1981,"JFM",-0.51,"La_Nina","steelblue",1981-02-01,"La_Nina"
"317",1981,"JJA",-0.32,"Neutral","gray80",1981-07-01,"Neutral"
"318",1981,"MAM",-0.3,"Neutral","gray80",1981-04-01,"Neutral"
"319",1981,"MJJ",-0.37,"Neutral","gray80",1981-06-01,"Neutral"
"320",1981,"SON",-0.23,"Neutral","gray80",1981-10-01,"Neutral"
"321",1982,"AMJ",0.8,"El_Nino","firebrick",1982-05-01,"El_Nino"
"322",1982,"ASO",2.16,"El_Nino","firebrick",1982-09-01,"El_Nino"
"323",1982,"DJF",-0.05,"Neutral","gray80",1982-01-01,"Neutral"
"324",1982,"FMA",0.45,"Neutral","gray80",1982-03-01,"Neutral"
"325",1982,"JAS",1.64,"El_Nino","firebrick",1982-08-01,"El_Nino"
"326",1982,"JFM",0.25,"Neutral","gray80",1982-02-01,"Neutral"
"327",1982,"JJA",0.93,"El_Nino","firebrick",1982-07-01,"El_Nino"
"328",1982,"MAM",0.72,"El_Nino","firebrick",1982-04-01,"El_Nino"
"329",1982,"MJJ",0.64,"El_Nino","firebrick",1982-06-01,"El_Nino"
"330",1982,"SON",2.09,"El_Nino","firebrick",1982-10-01,"El_Nino"
"331",1983,"AMJ",0.82,"El_Nino","firebrick",1983-05-01,"El_Nino"
"332",1983,"ASO",-0.96,"La_Nina","steelblue",1983-09-01,"La_Nina"
"333",1983,"DJF",2.18,"El_Nino","firebrick",1983-01-01,"El_Nino"
"334",1983,"FMA",1.19,"El_Nino","firebrick",1983-03-01,"El_Nino"
"335",1983,"JAS",-0.36,"Neutral","gray80",1983-08-01,"Neutral"
"336",1983,"JFM",1.49,"El_Nino","firebrick",1983-02-01,"El_Nino"
"337",1983,"JJA",-0.04,"Neutral","gray80",1983-07-01,"Neutral"
"338",1983,"MAM",1.18,"El_Nino","firebrick",1983-04-01,"El_Nino"
"339",1983,"MJJ",0.17,"Neutral","gray80",1983-06-01,"Neutral"
"340",1983,"SON",-1.1,"La_Nina","steelblue",1983-10-01,"La_Nina"
"341",1984,"AMJ",-0.63,"La_Nina","steelblue",1984-05-01,"La_Nina"
"342",1984,"ASO",-0.49,"Neutral","gray80",1984-09-01,"Neutral"
"343",1984,"DJF",-0.603333333333333,"La_Nina","steelblue",1984-01-01,"La_Nina"
"344",1984,"FMA",-0.44,"Neutral","gray80",1984-03-01,"Neutral"
"345",1984,"JAS",-0.19,"Neutral","gray80",1984-08-01,"Neutral"
"346",1984,"JFM",-0.39,"Neutral","gray80",1984-02-01,"Neutral"
"347",1984,"JJA",-0.04,"Neutral","gray80",1984-07-01,"Neutral"
"348",1984,"MAM",-0.46,"Neutral","gray80",1984-04-01,"Neutral"
"349",1984,"MJJ",-0.24,"Neutral","gray80",1984-06-01,"Neutral"
"350",1984,"SON",-1,"La_Nina","steelblue",1984-10-01,"La_Nina"
"351",1985,"AMJ",-0.65,"La_Nina","steelblue",1985-05-01,"La_Nina"
"352",1985,"ASO",-0.3,"Neutral","gray80",1985-09-01,"Neutral"
"353",1985,"DJF",-1.04333333333333,"La_Nina","steelblue",1985-01-01,"La_Nina"
"354",1985,"FMA",-0.93,"La_Nina","steelblue",1985-03-01,"La_Nina"
"355",1985,"JAS",-0.55,"La_Nina","steelblue",1985-08-01,"La_Nina"
"356",1985,"JFM",-0.67,"La_Nina","steelblue",1985-02-01,"La_Nina"
"357",1985,"JJA",-0.35,"Neutral","gray80",1985-07-01,"Neutral"
"358",1985,"MAM",-0.75,"La_Nina","steelblue",1985-04-01,"La_Nina"
"359",1985,"MJJ",-0.47,"Neutral","gray80",1985-06-01,"Neutral"
"360",1985,"SON",-0.2,"Neutral","gray80",1985-10-01,"Neutral"
"361",1986,"AMJ",-0.01,"Neutral","gray80",1986-05-01,"Neutral"
"362",1986,"ASO",0.98,"El_Nino","firebrick",1986-09-01,"El_Nino"
"363",1986,"DJF",-0.493333333333333,"Neutral","gray80",1986-01-01,"Neutral"
"364",1986,"FMA",-0.08,"Neutral","gray80",1986-03-01,"Neutral"
"365",1986,"JAS",0.65,"El_Nino","firebrick",1986-08-01,"El_Nino"
"366",1986,"JFM",-0.26,"Neutral","gray80",1986-02-01,"Neutral"
"367",1986,"JJA",0.51,"El_Nino","firebrick",1986-07-01,"El_Nino"
"368",1986,"MAM",-0.27,"Neutral","gray80",1986-04-01,"Neutral"
"369",1986,"MJJ",0.17,"Neutral","gray80",1986-06-01,"Neutral"
"370",1986,"SON",1.2,"El_Nino","firebrick",1986-10-01,"El_Nino"
"371",1987,"AMJ",1.21,"El_Nino","firebrick",1987-05-01,"El_Nino"
"372",1987,"ASO",1.42,"El_Nino","firebrick",1987-09-01,"El_Nino"
"373",1987,"DJF",1.23,"El_Nino","firebrick",1987-01-01,"El_Nino"
"374",1987,"FMA",0.82,"El_Nino","firebrick",1987-03-01,"El_Nino"
"375",1987,"JAS",1.77,"El_Nino","firebrick",1987-08-01,"El_Nino"
"376",1987,"JFM",1.13,"El_Nino","firebrick",1987-02-01,"El_Nino"
"377",1987,"JJA",1.76,"El_Nino","firebrick",1987-07-01,"El_Nino"
"378",1987,"MAM",0.88,"El_Nino","firebrick",1987-04-01,"El_Nino"
"379",1987,"MJJ",1.57,"El_Nino","firebrick",1987-06-01,"El_Nino"
"380",1987,"SON",1.27,"El_Nino","firebrick",1987-10-01,"El_Nino"
"381",1988,"AMJ",-1.44,"La_Nina","steelblue",1988-05-01,"La_Nina"
"382",1988,"ASO",-1.71,"La_Nina","steelblue",1988-09-01,"La_Nina"
"383",1988,"DJF",0.81,"El_Nino","firebrick",1988-01-01,"El_Nino"
"384",1988,"FMA",-0.19,"Neutral","gray80",1988-03-01,"Neutral"
"385",1988,"JAS",-0.87,"La_Nina","steelblue",1988-08-01,"La_Nina"
"386",1988,"JFM",0.25,"Neutral","gray80",1988-02-01,"Neutral"
"387",1988,"JJA",-0.99,"La_Nina","steelblue",1988-07-01,"La_Nina"
"388",1988,"MAM",-1,"La_Nina","steelblue",1988-04-01,"La_Nina"
"389",1988,"MJJ",-1.45,"La_Nina","steelblue",1988-06-01,"La_Nina"
"390",1988,"SON",-1.85,"La_Nina","steelblue",1988-10-01,"La_Nina"
"391",1989,"AMJ",-0.29,"Neutral","gray80",1989-05-01,"Neutral"
"392",1989,"ASO",-0.22,"Neutral","gray80",1989-09-01,"Neutral"
"393",1989,"DJF",-1.69,"La_Nina","steelblue",1989-01-01,"La_Nina"
"394",1989,"FMA",-0.82,"La_Nina","steelblue",1989-03-01,"La_Nina"
"395",1989,"JAS",-0.18,"Neutral","gray80",1989-08-01,"Neutral"
"396",1989,"JFM",-1.05,"La_Nina","steelblue",1989-02-01,"La_Nina"
"397",1989,"JJA",-0.33,"Neutral","gray80",1989-07-01,"Neutral"
"398",1989,"MAM",-0.61,"La_Nina","steelblue",1989-04-01,"La_Nina"
"399",1989,"MJJ",-0.3,"Neutral","gray80",1989-06-01,"Neutral"
"400",1989,"SON",-0.25,"Neutral","gray80",1989-10-01,"Neutral"
"401",1990,"AMJ",0.21,"Neutral","gray80",1990-05-01,"Neutral"
"402",1990,"ASO",0.4,"Neutral","gray80",1990-09-01,"Neutral"
"403",1990,"DJF",0.136666666666667,"Neutral","gray80",1990-01-01,"Neutral"
"404",1990,"FMA",0.33,"Neutral","gray80",1990-03-01,"Neutral"
"405",1990,"JAS",0.35,"Neutral","gray80",1990-08-01,"Neutral"
"406",1990,"JFM",0.2,"Neutral","gray80",1990-02-01,"Neutral"
"407",1990,"JJA",0.42,"Neutral","gray80",1990-07-01,"Neutral"
"408",1990,"MAM",0.34,"Neutral","gray80",1990-04-01,"Neutral"
"409",1990,"MJJ",0.37,"Neutral","gray80",1990-06-01,"Neutral"
"410",1990,"SON",0.31,"Neutral","gray80",1990-10-01,"Neutral"
"411",1991,"AMJ",0.65,"El_Nino","firebrick",1991-05-01,"El_Nino"
"412",1991,"ASO",0.82,"El_Nino","firebrick",1991-09-01,"El_Nino"
"413",1991,"DJF",0.406666666666667,"Neutral","gray80",1991-01-01,"Neutral"
"414",1991,"FMA",0.32,"Neutral","gray80",1991-03-01,"Neutral"
"415",1991,"JAS",0.36,"Neutral","gray80",1991-08-01,"Neutral"
"416",1991,"JFM",0.05,"Neutral","gray80",1991-02-01,"Neutral"
"417",1991,"JJA",0.69,"El_Nino","firebrick",1991-07-01,"El_Nino"
"418",1991,"MAM",0.4,"Neutral","gray80",1991-04-01,"Neutral"
"419",1991,"MJJ",0.86,"El_Nino","firebrick",1991-06-01,"El_Nino"
"420",1991,"SON",1.19,"El_Nino","firebrick",1991-10-01,"El_Nino"
"421",1992,"AMJ",0.7,"El_Nino","firebrick",1992-05-01,"El_Nino"
"422",1992,"ASO",-0.34,"Neutral","gray80",1992-09-01,"Neutral"
"423",1992,"DJF",1.71333333333333,"El_Nino","firebrick",1992-01-01,"El_Nino"
"424",1992,"FMA",1.32,"El_Nino","firebrick",1992-03-01,"El_Nino"
"425",1992,"JAS",-0.13,"Neutral","gray80",1992-08-01,"Neutral"
"426",1992,"JFM",1.38,"El_Nino","firebrick",1992-02-01,"El_Nino"
"427",1992,"JJA",0.07,"Neutral","gray80",1992-07-01,"Neutral"
"428",1992,"MAM",1.16,"El_Nino","firebrick",1992-04-01,"El_Nino"
"429",1992,"MJJ",0.33,"Neutral","gray80",1992-06-01,"Neutral"
"430",1992,"SON",-0.28,"Neutral","gray80",1992-10-01,"Neutral"
"431",1993,"AMJ",0.48,"Neutral","gray80",1993-05-01,"Neutral"
"432",1993,"ASO",0.02,"Neutral","gray80",1993-09-01,"Neutral"
"433",1993,"DJF",0.09,"Neutral","gray80",1993-01-01,"Neutral"
"434",1993,"FMA",0.71,"El_Nino","firebrick",1993-03-01,"El_Nino"
"435",1993,"JAS",0.29,"Neutral","gray80",1993-08-01,"Neutral"
"436",1993,"JFM",0.4,"Neutral","gray80",1993-02-01,"Neutral"
"437",1993,"JJA",0.15,"Neutral","gray80",1993-07-01,"Neutral"
"438",1993,"MAM",0.91,"El_Nino","firebrick",1993-04-01,"El_Nino"
"439",1993,"MJJ",0.33,"Neutral","gray80",1993-06-01,"Neutral"
"440",1993,"SON",0.01,"Neutral","gray80",1993-10-01,"Neutral"
"441",1994,"AMJ",0.44,"Neutral","gray80",1994-05-01,"Neutral"
"442",1994,"ASO",0.71,"El_Nino","firebrick",1994-09-01,"El_Nino"
"443",1994,"DJF",0.0633333333333333,"Neutral","gray80",1994-01-01,"Neutral"
"444",1994,"FMA",0.38,"Neutral","gray80",1994-03-01,"Neutral"
"445",1994,"JAS",0.41,"Neutral","gray80",1994-08-01,"Neutral"
"446",1994,"JFM",0.11,"Neutral","gray80",1994-02-01,"Neutral"
"447",1994,"JJA",0.54,"El_Nino","firebrick",1994-07-01,"El_Nino"
"448",1994,"MAM",0.43,"Neutral","gray80",1994-04-01,"Neutral"
"449",1994,"MJJ",0.35,"Neutral","gray80",1994-06-01,"Neutral"
"450",1994,"SON",1.11,"El_Nino","firebrick",1994-10-01,"El_Nino"
"451",1995,"AMJ",-0.01,"Neutral","gray80",1995-05-01,"Neutral"
"452",1995,"ASO",-0.92,"La_Nina","steelblue",1995-09-01,"La_Nina"
"453",1995,"DJF",0.96,"El_Nino","firebrick",1995-01-01,"El_Nino"
"454",1995,"FMA",0.41,"Neutral","gray80",1995-03-01,"Neutral"
"455",1995,"JAS",-0.9,"La_Nina","steelblue",1995-08-01,"La_Nina"
"456",1995,"JFM",0.48,"Neutral","gray80",1995-02-01,"Neutral"
"457",1995,"JJA",-0.61,"La_Nina","steelblue",1995-07-01,"La_Nina"
"458",1995,"MAM",0.02,"Neutral","gray80",1995-04-01,"Neutral"
"459",1995,"MJJ",-0.11,"Neutral","gray80",1995-06-01,"Neutral"
"460",1995,"SON",-1.1,"La_Nina","steelblue",1995-10-01,"La_Nina"
"461",1996,"AMJ",-0.3,"Neutral","gray80",1996-05-01,"Neutral"
"462",1996,"ASO",-0.4,"Neutral","gray80",1996-09-01,"Neutral"
"463",1996,"DJF",-0.903333333333333,"La_Nina","steelblue",1996-01-01,"La_Nina"
"464",1996,"FMA",-0.36,"Neutral","gray80",1996-03-01,"Neutral"
"465",1996,"JAS",-0.45,"Neutral","gray80",1996-08-01,"Neutral"
"466",1996,"JFM",-0.56,"La_Nina","steelblue",1996-02-01,"La_Nina"
"467",1996,"JJA",-0.2,"Neutral","gray80",1996-07-01,"Neutral"
"468",1996,"MAM",-0.26,"Neutral","gray80",1996-04-01,"Neutral"
"469",1996,"MJJ",-0.32,"Neutral","gray80",1996-06-01,"Neutral"
"470",1996,"SON",-0.34,"Neutral","gray80",1996-10-01,"Neutral"
"471",1997,"AMJ",1.22,"El_Nino","firebrick",1997-05-01,"El_Nino"
"472",1997,"ASO",2.4,"El_Nino","firebrick",1997-09-01,"El_Nino"
"473",1997,"DJF",-0.503333333333333,"La_Nina","steelblue",1997-01-01,"La_Nina"
"474",1997,"FMA",0.27,"Neutral","gray80",1997-03-01,"Neutral"
"475",1997,"JAS",2.12,"El_Nino","firebrick",1997-08-01,"El_Nino"
"476",1997,"JFM",-0.2,"Neutral","gray80",1997-02-01,"Neutral"
"477",1997,"JJA",1.91,"El_Nino","firebrick",1997-07-01,"El_Nino"
"478",1997,"MAM",0.76,"El_Nino","firebrick",1997-04-01,"El_Nino"
"479",1997,"MJJ",1.67,"El_Nino","firebrick",1997-06-01,"El_Nino"
"480",1997,"SON",2.48,"El_Nino","firebrick",1997-10-01,"El_Nino"
"481",1998,"AMJ",-0.24,"Neutral","gray80",1998-05-01,"Neutral"
"482",1998,"ASO",-1.41,"La_Nina","steelblue",1998-09-01,"La_Nina"
"483",1998,"DJF",2.24,"El_Nino","firebrick",1998-01-01,"El_Nino"
"484",1998,"FMA",0.9,"El_Nino","firebrick",1998-03-01,"El_Nino"
"485",1998,"JAS",-1.26,"La_Nina","steelblue",1998-08-01,"La_Nina"
"486",1998,"JFM",1.38,"El_Nino","firebrick",1998-02-01,"El_Nino"
"487",1998,"JJA",-1.25,"La_Nina","steelblue",1998-07-01,"La_Nina"
"488",1998,"MAM",0.7,"El_Nino","firebrick",1998-04-01,"El_Nino"
"489",1998,"MJJ",-0.86,"La_Nina","steelblue",1998-06-01,"La_Nina"
"490",1998,"SON",-1.38,"La_Nina","steelblue",1998-10-01,"La_Nina"
"491",1999,"AMJ",-1.05,"La_Nina","steelblue",1999-05-01,"La_Nina"
"492",1999,"ASO",-1.19,"La_Nina","steelblue",1999-09-01,"La_Nina"
"493",1999,"DJF",-1.54666666666667,"La_Nina","steelblue",1999-01-01,"La_Nina"
"494",1999,"FMA",-1,"La_Nina","steelblue",1999-03-01,"La_Nina"
"495",1999,"JAS",-1.09,"La_Nina","steelblue",1999-08-01,"La_Nina"
"496",1999,"JFM",-0.9,"La_Nina","steelblue",1999-02-01,"La_Nina"
"497",1999,"JJA",-1.19,"La_Nina","steelblue",1999-07-01,"La_Nina"
"498",1999,"MAM",-1.02,"La_Nina","steelblue",1999-04-01,"La_Nina"
"499",1999,"MJJ",-1.05,"La_Nina","steelblue",1999-06-01,"La_Nina"
"500",1999,"SON",-1.5,"La_Nina","steelblue",1999-10-01,"La_Nina"
"501",2000,"AMJ",-0.64,"La_Nina","steelblue",2000-05-01,"La_Nina"
"502",2000,"ASO",-0.65,"La_Nina","steelblue",2000-09-01,"La_Nina"
"503",2000,"DJF",-1.66666666666667,"La_Nina","steelblue",2000-01-01,"La_Nina"
"504",2000,"FMA",-0.75,"La_Nina","steelblue",2000-03-01,"La_Nina"
"505",2000,"JAS",-0.52,"La_Nina","steelblue",2000-08-01,"La_Nina"
"506",2000,"JFM",-0.93,"La_Nina","steelblue",2000-02-01,"La_Nina"
"507",2000,"JJA",-0.47,"Neutral","gray80",2000-07-01,"Neutral"
"508",2000,"MAM",-0.74,"La_Nina","steelblue",2000-04-01,"La_Nina"
"509",2000,"MJJ",-0.55,"La_Nina","steelblue",2000-06-01,"La_Nina"
"510",2000,"SON",-0.71,"La_Nina","steelblue",2000-10-01,"La_Nina"
"511",2001,"AMJ",-0.11,"Neutral","gray80",2001-05-01,"Neutral"
"512",2001,"ASO",-0.18,"Neutral","gray80",2001-09-01,"Neutral"
"513",2001,"DJF",-0.68,"La_Nina","steelblue",2001-01-01,"La_Nina"
"514",2001,"FMA",-0.39,"Neutral","gray80",2001-03-01,"Neutral"
"515",2001,"JAS",-0.28,"Neutral","gray80",2001-08-01,"Neutral"
"516",2001,"JFM",-0.39,"Neutral","gray80",2001-02-01,"Neutral"
"517",2001,"JJA",-0.1,"Neutral","gray80",2001-07-01,"Neutral"
"518",2001,"MAM",-0.24,"Neutral","gray80",2001-04-01,"Neutral"
"519",2001,"MJJ",-0.01,"Neutral","gray80",2001-06-01,"Neutral"
"520",2001,"SON",-0.41,"Neutral","gray80",2001-10-01,"Neutral"
"521",2002,"AMJ",0.79,"El_Nino","firebrick",2002-05-01,"El_Nino"
"522",2002,"ASO",1.2,"El_Nino","firebrick",2002-09-01,"El_Nino"
"523",2002,"DJF",-0.15,"Neutral","gray80",2002-01-01,"Neutral"
"524",2002,"FMA",0.12,"Neutral","gray80",2002-03-01,"Neutral"
"525",2002,"JAS",1.01,"El_Nino","firebrick",2002-08-01,"El_Nino"
"526",2002,"JFM",0.09,"Neutral","gray80",2002-02-01,"Neutral"
"527",2002,"JJA",0.81,"El_Nino","firebrick",2002-07-01,"El_Nino"
"528",2002,"MAM",0.4,"Neutral","gray80",2002-04-01,"Neutral"
"529",2002,"MJJ",0.77,"El_Nino","firebrick",2002-06-01,"El_Nino"
"530",2002,"SON",1.41,"El_Nino","firebrick",2002-10-01,"El_Nino"
"531",2003,"AMJ",-0.21,"Neutral","gray80",2003-05-01,"Neutral"
"532",2003,"ASO",0.38,"Neutral","gray80",2003-09-01,"Neutral"
"533",2003,"DJF",0.916666666666667,"El_Nino","firebrick",2003-01-01,"El_Nino"
"534",2003,"FMA",-0.05,"Neutral","gray80",2003-03-01,"Neutral"
"535",2003,"JAS",0.19,"Neutral","gray80",2003-08-01,"Neutral"
"536",2003,"JFM",0.45,"Neutral","gray80",2003-02-01,"Neutral"
"537",2003,"JJA",0.2,"Neutral","gray80",2003-07-01,"Neutral"
"538",2003,"MAM",-0.52,"La_Nina","steelblue",2003-04-01,"La_Nina"
"539",2003,"MJJ",0.24,"Neutral","gray80",2003-06-01,"Neutral"
"540",2003,"SON",0.29,"Neutral","gray80",2003-10-01,"Neutral"
"541",2004,"AMJ",0.2,"Neutral","gray80",2004-05-01,"Neutral"
"542",2004,"ASO",0.68,"El_Nino","firebrick",2004-09-01,"El_Nino"
"543",2004,"DJF",0.366666666666667,"Neutral","gray80",2004-01-01,"Neutral"
"544",2004,"FMA",0.16,"Neutral","gray80",2004-03-01,"Neutral"
"545",2004,"JAS",0.72,"El_Nino","firebrick",2004-08-01,"El_Nino"
"546",2004,"JFM",0.21,"Neutral","gray80",2004-02-01,"Neutral"
"547",2004,"JJA",0.7,"El_Nino","firebrick",2004-07-01,"El_Nino"
"548",2004,"MAM",0.14,"Neutral","gray80",2004-04-01,"Neutral"
"549",2004,"MJJ",0.51,"El_Nino","firebrick",2004-06-01,"El_Nino"
"550",2004,"SON",0.61,"El_Nino","firebrick",2004-10-01,"El_Nino"
"551",2005,"AMJ",0.12,"Neutral","gray80",2005-05-01,"Neutral"
"552",2005,"ASO",-0.1,"Neutral","gray80",2005-09-01,"Neutral"
"553",2005,"DJF",0.636666666666667,"El_Nino","firebrick",2005-01-01,"El_Nino"
"554",2005,"FMA",0.35,"Neutral","gray80",2005-03-01,"Neutral"
"555",2005,"JAS",-0.11,"Neutral","gray80",2005-08-01,"Neutral"
"556",2005,"JFM",0.53,"El_Nino","firebrick",2005-02-01,"El_Nino"
"557",2005,"JJA",-0.1,"Neutral","gray80",2005-07-01,"Neutral"
"558",2005,"MAM",0.39,"Neutral","gray80",2005-04-01,"Neutral"
"559",2005,"MJJ",-0.19,"Neutral","gray80",2005-06-01,"Neutral"
"560",2005,"SON",-0.64,"La_Nina","steelblue",2005-10-01,"La_Nina"
"561",2006,"AMJ",0,"Neutral","gray80",2006-05-01,"Neutral"
"562",2006,"ASO",0.7,"El_Nino","firebrick",2006-09-01,"El_Nino"
"563",2006,"DJF",-0.85,"La_Nina","steelblue",2006-01-01,"La_Nina"
"564",2006,"FMA",-0.32,"Neutral","gray80",2006-03-01,"Neutral"
"565",2006,"JAS",0.6,"El_Nino","firebrick",2006-08-01,"El_Nino"
"566",2006,"JFM",-0.71,"La_Nina","steelblue",2006-02-01,"La_Nina"
"567",2006,"JJA",0.31,"Neutral","gray80",2006-07-01,"Neutral"
"568",2006,"MAM",-0.09,"Neutral","gray80",2006-04-01,"Neutral"
"569",2006,"MJJ",0.01,"Neutral","gray80",2006-06-01,"Neutral"
"570",2006,"SON",0.99,"El_Nino","firebrick",2006-10-01,"El_Nino"
"571",2007,"AMJ",-0.36,"Neutral","gray80",2007-05-01,"Neutral"
"572",2007,"ASO",-1.39,"La_Nina","steelblue",2007-09-01,"La_Nina"
"573",2007,"DJF",0.656666666666667,"El_Nino","firebrick",2007-01-01,"El_Nino"
"574",2007,"FMA",-0.31,"Neutral","gray80",2007-03-01,"Neutral"
"575",2007,"JAS",-1.11,"La_Nina","steelblue",2007-08-01,"La_Nina"
"576",2007,"JFM",-0.18,"Neutral","gray80",2007-02-01,"Neutral"
"577",2007,"JJA",-0.72,"La_Nina","steelblue",2007-07-01,"La_Nina"
"578",2007,"MAM",-0.47,"Neutral","gray80",2007-04-01,"Neutral"
"579",2007,"MJJ",-0.59,"La_Nina","steelblue",2007-06-01,"La_Nina"
"580",2007,"SON",-1.53,"La_Nina","steelblue",2007-10-01,"La_Nina"
"581",2008,"AMJ",-0.68,"La_Nina","steelblue",2008-05-01,"La_Nina"
"582",2008,"ASO",-0.35,"Neutral","gray80",2008-09-01,"Neutral"
"583",2008,"DJF",-1.64,"La_Nina","steelblue",2008-01-01,"La_Nina"
"584",2008,"FMA",-0.99,"La_Nina","steelblue",2008-03-01,"La_Nina"
"585",2008,"JAS",-0.25,"Neutral","gray80",2008-08-01,"Neutral"
"586",2008,"JFM",-1.21,"La_Nina","steelblue",2008-02-01,"La_Nina"
"587",2008,"JJA",-0.13,"Neutral","gray80",2008-07-01,"Neutral"
"588",2008,"MAM",-0.84,"La_Nina","steelblue",2008-04-01,"La_Nina"
"589",2008,"MJJ",-0.3,"Neutral","gray80",2008-06-01,"Neutral"
"590",2008,"SON",-0.46,"Neutral","gray80",2008-10-01,"Neutral"
"591",2009,"AMJ",0.31,"Neutral","gray80",2009-05-01,"Neutral"
"592",2009,"ASO",0.89,"El_Nino","firebrick",2009-09-01,"El_Nino"
"593",2009,"DJF",-0.846666666666667,"La_Nina","steelblue",2009-01-01,"La_Nina"
"594",2009,"FMA",-0.35,"Neutral","gray80",2009-03-01,"Neutral"
"595",2009,"JAS",0.68,"El_Nino","firebrick",2009-08-01,"El_Nino"
"596",2009,"JFM",-0.7,"La_Nina","steelblue",2009-02-01,"La_Nina"
"597",2009,"JJA",0.56,"El_Nino","firebrick",2009-07-01,"El_Nino"
"598",2009,"MAM",0.06,"Neutral","gray80",2009-04-01,"Neutral"
"599",2009,"MJJ",0.48,"Neutral","gray80",2009-06-01,"Neutral"
"600",2009,"SON",1.45,"El_Nino","firebrick",2009-10-01,"El_Nino"
"601",2010,"AMJ",-0.69,"La_Nina","steelblue",2010-05-01,"La_Nina"
"602",2010,"ASO",-1.69,"La_Nina","steelblue",2010-09-01,"La_Nina"
"603",2010,"DJF",1.49666666666667,"El_Nino","firebrick",2010-01-01,"El_Nino"
"604",2010,"FMA",0.38,"Neutral","gray80",2010-03-01,"Neutral"
"605",2010,"JAS",-1.59,"La_Nina","steelblue",2010-08-01,"La_Nina"
"606",2010,"JFM",0.9,"El_Nino","firebrick",2010-02-01,"El_Nino"
"607",2010,"JJA",-1.38,"La_Nina","steelblue",2010-07-01,"La_Nina"
"608",2010,"MAM",-0.22,"Neutral","gray80",2010-04-01,"Neutral"
"609",2010,"MJJ",-1.07,"La_Nina","steelblue",2010-06-01,"La_Nina"
"610",2010,"SON",-1.64,"La_Nina","steelblue",2010-10-01,"La_Nina"
"611",2011,"AMJ",-0.38,"Neutral","gray80",2011-05-01,"Neutral"
"612",2011,"ASO",-1.05,"La_Nina","steelblue",2011-09-01,"La_Nina"
"613",2011,"DJF",-1.41666666666667,"La_Nina","steelblue",2011-01-01,"La_Nina"
"614",2011,"FMA",-0.76,"La_Nina","steelblue",2011-03-01,"La_Nina"
"615",2011,"JAS",-0.8,"La_Nina","steelblue",2011-08-01,"La_Nina"
"616",2011,"JFM",-0.92,"La_Nina","steelblue",2011-02-01,"La_Nina"
"617",2011,"JJA",-0.64,"La_Nina","steelblue",2011-07-01,"La_Nina"
"618",2011,"MAM",-0.52,"La_Nina","steelblue",2011-04-01,"La_Nina"
"619",2011,"MJJ",-0.42,"Neutral","gray80",2011-06-01,"Neutral"
"620",2011,"SON",-1.18,"La_Nina","steelblue",2011-10-01,"La_Nina"
"621",2012,"AMJ",0.02,"Neutral","gray80",2012-05-01,"Neutral"
"622",2012,"ASO",0.26,"Neutral","gray80",2012-09-01,"Neutral"
"623",2012,"DJF",-0.863333333333333,"La_Nina","steelblue",2012-01-01,"La_Nina"
"624",2012,"FMA",-0.49,"Neutral","gray80",2012-03-01,"Neutral"
"625",2012,"JAS",0.38,"Neutral","gray80",2012-08-01,"Neutral"
"626",2012,"JFM",-0.61,"La_Nina","steelblue",2012-02-01,"La_Nina"
"627",2012,"JJA",0.47,"Neutral","gray80",2012-07-01,"Neutral"
"628",2012,"MAM",-0.32,"Neutral","gray80",2012-04-01,"Neutral"
"629",2012,"MJJ",0.25,"Neutral","gray80",2012-06-01,"Neutral"
"630",2012,"SON",0.15,"Neutral","gray80",2012-10-01,"Neutral"
"631",2013,"AMJ",-0.43,"Neutral","gray80",2013-05-01,"Neutral"
"632",2013,"ASO",-0.2,"Neutral","gray80",2013-09-01,"Neutral"
"633",2013,"DJF",-0.43,"Neutral","gray80",2013-01-01,"Neutral"
"634",2013,"FMA",-0.25,"Neutral","gray80",2013-03-01,"Neutral"
"635",2013,"JAS",-0.18,"Neutral","gray80",2013-08-01,"Neutral"
"636",2013,"JFM",-0.25,"Neutral","gray80",2013-02-01,"Neutral"
"637",2013,"JJA",-0.38,"Neutral","gray80",2013-07-01,"Neutral"
"638",2013,"MAM",-0.4,"Neutral","gray80",2013-04-01,"Neutral"
"639",2013,"MJJ",-0.39,"Neutral","gray80",2013-06-01,"Neutral"
"640",2013,"SON",-0.14,"Neutral","gray80",2013-10-01,"Neutral"
"641",2014,"AMJ",0.23,"Neutral","gray80",2014-05-01,"Neutral"
"642",2014,"ASO",0.44,"Neutral","gray80",2014-09-01,"Neutral"
"643",2014,"DJF",-0.423333333333333,"Neutral","gray80",2014-01-01,"Neutral"
"644",2014,"FMA",0.09,"Neutral","gray80",2014-03-01,"Neutral"
"645",2014,"JAS",0.29,"Neutral","gray80",2014-08-01,"Neutral"
"646",2014,"JFM",-0.28,"Neutral","gray80",2014-02-01,"Neutral"
"647",2014,"JJA",-0.03,"Neutral","gray80",2014-07-01,"Neutral"
"648",2014,"MAM",0.32,"Neutral","gray80",2014-04-01,"Neutral"
"649",2014,"MJJ",-0.06,"Neutral","gray80",2014-06-01,"Neutral"
"650",2014,"SON",0.75,"El_Nino","firebrick",2014-10-01,"El_Nino"
"651",2015,"AMJ",1.17,"El_Nino","firebrick",2015-05-01,"El_Nino"
"652",2015,"ASO",2.36,"El_Nino","firebrick",2015-09-01,"El_Nino"
"653",2015,"DJF",0.55,"El_Nino","firebrick",2015-01-01,"El_Nino"
"654",2015,"FMA",0.7,"El_Nino","firebrick",2015-03-01,"El_Nino"
"655",2015,"JAS",2.2,"El_Nino","firebrick",2015-08-01,"El_Nino"
"656",2015,"JFM",0.47,"Neutral","gray80",2015-02-01,"Neutral"
"657",2015,"JJA",1.93,"El_Nino","firebrick",2015-07-01,"El_Nino"
"658",2015,"MAM",0.92,"El_Nino","firebrick",2015-04-01,"El_Nino"
"659",2015,"MJJ",1.45,"El_Nino","firebrick",2015-06-01,"El_Nino"
"660",2015,"SON",2.71,"El_Nino","firebrick",2015-10-01,"El_Nino"
"661",2016,"AMJ",-0.03,"Neutral","gray80",2016-05-01,"Neutral"
"662",2016,"ASO",-0.74,"La_Nina","steelblue",2016-09-01,"La_Nina"
"663",2016,"DJF",2.48333333333333,"El_Nino","firebrick",2016-01-01,"El_Nino"
"664",2016,"FMA",0.9,"El_Nino","firebrick",2016-03-01,"El_Nino"
"665",2016,"JAS",-0.57,"La_Nina","steelblue",2016-08-01,"La_Nina"
"666",2016,"JFM",1.61,"El_Nino","firebrick",2016-02-01,"El_Nino"
"667",2016,"JJA",-0.57,"La_Nina","steelblue",2016-07-01,"La_Nina"
"668",2016,"MAM",0.3,"Neutral","gray80",2016-04-01,"Neutral"
"669",2016,"MJJ",-0.47,"Neutral","gray80",2016-06-01,"Neutral"
"670",2016,"SON",-0.76,"La_Nina","steelblue",2016-10-01,"La_Nina"
"671",2017,"AMJ",0.33,"Neutral","gray80",2017-05-01,"Neutral"
"672",2017,"ASO",-0.56,"La_Nina","steelblue",2017-09-01,"La_Nina"
"673",2017,"DJF",-0.336666666666667,"Neutral","gray80",2017-01-01,"Neutral"
"674",2017,"FMA",0.21,"Neutral","gray80",2017-03-01,"Neutral"
"675",2017,"JAS",-0.43,"Neutral","gray80",2017-08-01,"Neutral"
"676",2017,"JFM",0.03,"Neutral","gray80",2017-02-01,"Neutral"
"677",2017,"JJA",-0.16,"Neutral","gray80",2017-07-01,"Neutral"
"678",2017,"MAM",0.36,"Neutral","gray80",2017-04-01,"Neutral"
"679",2017,"MJJ",0.25,"Neutral","gray80",2017-06-01,"Neutral"
"680",2017,"SON",-0.96,"La_Nina","steelblue",2017-10-01,"La_Nina"
"681",2018,"AMJ",0.05,"Neutral","gray80",2018-05-01,"Neutral"
"682",2018,"ASO",0.9,"El_Nino","firebrick",2018-09-01,"El_Nino"
"683",2018,"DJF",-0.916666666666667,"La_Nina","steelblue",2018-01-01,"La_Nina"
"684",2018,"FMA",-0.51,"La_Nina","steelblue",2018-03-01,"La_Nina"
"685",2018,"JAS",0.47,"Neutral","gray80",2018-08-01,"Neutral"
"686",2018,"JFM",-0.8,"La_Nina","steelblue",2018-02-01,"La_Nina"
"687",2018,"JJA",0.09,"Neutral","gray80",2018-07-01,"Neutral"
"688",2018,"MAM",-0.2,"Neutral","gray80",2018-04-01,"Neutral"
"689",2018,"MJJ",0.12,"Neutral","gray80",2018-06-01,"Neutral"
"690",2018,"SON",0.9,"El_Nino","firebrick",2018-10-01,"El_Nino"
"691",2019,"AMJ",0.45,"Neutral","gray80",2019-05-01,"Neutral"
"692",2019,"ASO",0.48,"Neutral","gray80",2019-09-01,"Neutral"
"693",2019,"DJF",0.75,"El_Nino","firebrick",2019-01-01,"El_Nino"
"694",2019,"FMA",0.62,"El_Nino","firebrick",2019-03-01,"El_Nino"
"695",2019,"JAS",0.04,"Neutral","gray80",2019-08-01,"Neutral"
"696",2019,"JFM",0.8,"El_Nino","firebrick",2019-02-01,"El_Nino"
"697",2019,"JJA",0.04,"Neutral","gray80",2019-07-01,"Neutral"
"698",2019,"MAM",0.55,"El_Nino","firebrick",2019-04-01,"El_Nino"
"699",2019,"MJJ",0.35,"Neutral","gray80",2019-06-01,"Neutral"
"700",2019,"SON",0.52,"El_Nino","firebrick",2019-10-01,"El_Nino"
"701",2020,"AMJ",-0.34,"Neutral","gray80",2020-05-01,"Neutral"
"702",2020,"ASO",-1.25,"La_Nina","steelblue",2020-09-01,"La_Nina"
"703",2020,"DJF",0.496666666666667,"Neutral","gray80",2020-01-01,"Neutral"
"704",2020,"FMA",0.36,"Neutral","gray80",2020-03-01,"Neutral"
"705",2020,"JAS",-0.83,"La_Nina","steelblue",2020-08-01,"La_Nina"
"706",2020,"JFM",0.48,"Neutral","gray80",2020-02-01,"Neutral"
"707",2020,"JJA",-0.59,"La_Nina","steelblue",2020-07-01,"La_Nina"
"708",2020,"MAM",-0.27,"Neutral","gray80",2020-04-01,"Neutral"
"709",2020,"MJJ",-0.3,"Neutral","gray80",2020-06-01,"Neutral"
"710",2020,"SON",-1.42,"La_Nina","steelblue",2020-10-01,"La_Nina"
"711",2021,"AMJ",-0.28,"Neutral","gray80",2021-05-01,"Neutral"
"712",2021,"ASO",-0.94,"La_Nina","steelblue",2021-09-01,"La_Nina"
"713",2021,"DJF",-1.04666666666667,"La_Nina","steelblue",2021-01-01,"La_Nina"
"714",2021,"FMA",-0.72,"La_Nina","steelblue",2021-03-01,"La_Nina"
"715",2021,"JAS",-0.55,"La_Nina","steelblue",2021-08-01,"La_Nina"
"716",2021,"JFM",-0.8,"La_Nina","steelblue",2021-02-01,"La_Nina"
"717",2021,"JJA",-0.53,"La_Nina","steelblue",2021-07-01,"La_Nina"
"718",2021,"MAM",-0.46,"Neutral","gray80",2021-04-01,"Neutral"
"719",2021,"MJJ",-0.39,"Neutral","gray80",2021-06-01,"Neutral"
"720",2021,"SON",-0.94,"La_Nina","steelblue",2021-10-01,"La_Nina"
"721",2022,"AMJ",-0.75,"La_Nina","steelblue",2022-05-01,"La_Nina"
"722",2022,"ASO",-0.99,"La_Nina","steelblue",2022-09-01,"La_Nina"
"723",2022,"DJF",-0.966666666666667,"La_Nina","steelblue",2022-01-01,"La_Nina"
"724",2022,"FMA",-1.11,"La_Nina","steelblue",2022-03-01,"La_Nina"
"725",2022,"JAS",-1.07,"La_Nina","steelblue",2022-08-01,"La_Nina"
"726",2022,"JFM",-0.97,"La_Nina","steelblue",2022-02-01,"La_Nina"
"727",2022,"JJA",-0.97,"La_Nina","steelblue",2022-07-01,"La_Nina"
"728",2022,"MAM",-1.11,"La_Nina","steelblue",2022-04-01,"La_Nina"
"729",2022,"MJJ",-0.7,"La_Nina","steelblue",2022-06-01,"La_Nina"
"730",2022,"SON",-0.9,"La_Nina","steelblue",2022-10-01,"La_Nina"
"731",2023,"AMJ",0.84,"El_Nino","firebrick",2023-05-01,"El_Nino"
"732",2023,"ASO",1.72,"El_Nino","firebrick",2023-09-01,"El_Nino"
"733",2023,"DJF",-0.68,"La_Nina","steelblue",2023-01-01,"La_Nina"
"734",2023,"FMA",0.13,"Neutral","gray80",2023-03-01,"Neutral"
"735",2023,"JAS",1.6,"El_Nino","firebrick",2023-08-01,"El_Nino"
"736",2023,"JFM",-0.11,"Neutral","gray80",2023-02-01,"Neutral"
"737",2023,"JJA",1.35,"El_Nino","firebrick",2023-07-01,"El_Nino"
"738",2023,"MAM",0.46,"Neutral","gray80",2023-04-01,"Neutral"
"739",2023,"MJJ",1.02,"El_Nino","firebrick",2023-06-01,"El_Nino"
"740",2023,"SON",2.02,"El_Nino","firebrick",2023-10-01,"El_Nino"
"741",2024,"AMJ",0.18,"Neutral","gray80",2024-05-01,"Neutral"
"742",2024,"ASO",-0.27,"Neutral","gray80",2024-09-01,"Neutral"
"743",2024,"DJF",1.78,"El_Nino","firebrick",2024-01-01,"El_Nino"
"744",2024,"FMA",0.77,"El_Nino","firebrick",2024-03-01,"El_Nino"
"745",2024,"JAS",-0.26,"Neutral","gray80",2024-08-01,"Neutral"
"746",2024,"JFM",1.12,"El_Nino","firebrick",2024-02-01,"El_Nino"
"747",2024,"JJA",-0.12,"Neutral","gray80",2024-07-01,"Neutral"
"748",2024,"MAM",0.23,"Neutral","gray80",2024-04-01,"Neutral"
"749",2024,"MJJ",0.05,"Neutral","gray80",2024-06-01,"Neutral"
"750",2024,"SON",-0.25,"Neutral","gray80",2024-10-01,"Neutral"
"751",2025,"AMJ",-0.06,"Neutral","gray80",2025-05-01,"Neutral"
"752",2025,"DJF",-0.586666666666667,"La_Nina","steelblue",2025-01-01,"La_Nina"
"753",2025,"FMA",-0.14,"Neutral","gray80",2025-03-01,"Neutral"
"754",2025,"JFM",0.01,"Neutral","gray80",2025-02-01,"Neutral"
"755",2025,"JJA",-0.32,"Neutral","gray80",2025-07-01,"Neutral"
"756",2025,"MAM",-0.13,"Neutral","gray80",2025-04-01,"Neutral"
"757",2025,"MJJ",-0.14,"Neutral","gray80",2025-06-01,"Neutral"
